sei13cpaf4zd9clxlkvrx9de2n04hkhpykc3ld3v68,seivaloper13cpaf4zd9clxlkvrx9de2n04hkhpykc3pzqzmh,Enigma
sei1vume6kqmrewzfkv5jprqs9aynp7zvfvyu2l9c3,seivaloper1vume6kqmrewzfkv5jprqs9aynp7zvfvyz9wtep,Cros-nest
sei15c8lqul0jj3tpwyez42q8zhnp8xakkupp70xne,seivaloper15c8lqul0jj3tpwyez42q8zhnp8xakkupl37gjf,Active Nodes
sei1jt9w26mpxxjsk63mvd4m2ynj0af09cslwd0s0s,seivaloper1jt9w26mpxxjsk63mvd4m2ynj0af09cslsz77wq,polkachu.com
sei1p5jqxrhmrywct2ph9txr9x8feqm0rpkge4awge,seivaloper1p5jqxrhmrywct2ph9txr9x8feqm0rpkg86vqff,forgottensemicolon
sei1lh4f9r764hy77ez3n7eyjwlcwhr6n2v0zffxn7,seivaloper1lh4f9r764hy77ez3n7eyjwlcwhr6n2v0uxcgjw,Brochain
sei10uhlg9vlz6z6j00p27z8autyp64uptpqcenxt9,seivaloper10uhlg9vlz6z6j00p27z8autyp64uptpqxkzg24,n0ok[MantiCore]
sei12ng450gyddgcqhf7f4qluqw9pdmu4kghr9c4ru,seivaloper12ng450gyddgcqhf7f4qluqw9pdmu4kgha2fmzv,sei-node-0
sei1ln9ydqs9ycy6jp2lxjw4gzxqj9un9wexlzs6ge,seivaloper1ln9ydqs9ycy6jp2lxjw4gzxqj9un9wexpdp5ff, Lavender.Five Nodes üêù
sei1730de9n5qdvfpnkjczqc49j3nlwtmm52w4s9jn,seivaloper1730de9n5qdvfpnkjczqc49j3nlwtmm52s6ptnr,RHINO
sei15sjnjdulkdfn7x8rxjamc6zzty52d3g92rqy6h,seivaloper15sjnjdulkdfn7x8rxjamc6zzty52d3g95v32m8,sei-node-1
